{
  "Total" : {
    "transaction" : "Total",
    "sampleCount" : 1000,
    "errorCount" : 258,
    "errorPct" : 25.8,
    "meanResTime" : 31712.913000000015,
    "medianResTime" : 41186.5,
    "minResTime" : 2546.0,
    "maxResTime" : 45568.0,
    "pct1ResTime" : 41791.8,
    "pct2ResTime" : 43416.149999999994,
    "pct3ResTime" : 45158.5,
    "throughput" : 21.94426157559798,
    "receivedKBytesPerSec" : 29.003713380513496,
    "sentKBytesPerSec" : 8.50406568877551
  },
  "Login" : {
    "transaction" : "Login",
    "sampleCount" : 1000,
    "errorCount" : 258,
    "errorPct" : 25.8,
    "meanResTime" : 31712.913000000015,
    "medianResTime" : 41186.5,
    "minResTime" : 2546.0,
    "maxResTime" : 45568.0,
    "pct1ResTime" : 41791.8,
    "pct2ResTime" : 43416.149999999994,
    "pct3ResTime" : 45158.5,
    "throughput" : 21.94426157559798,
    "receivedKBytesPerSec" : 29.003713380513496,
    "sentKBytesPerSec" : 8.50406568877551
  },
  "Test Fragment" : {
    "transaction" : "Test Fragment",
    "sampleCount" : 1000,
    "errorCount" : 258,
    "errorPct" : 25.8,
    "meanResTime" : 31712.913000000015,
    "medianResTime" : 41186.5,
    "minResTime" : 2546.0,
    "maxResTime" : 45568.0,
    "pct1ResTime" : 41791.8,
    "pct2ResTime" : 43416.149999999994,
    "pct3ResTime" : 45158.5,
    "throughput" : 18.49796522382538,
    "receivedKBytesPerSec" : 24.448746184794672,
    "sentKBytesPerSec" : 7.168521521226415
  }
}