{
  "Total" : {
    "transaction" : "Total",
    "sampleCount" : 999,
    "errorCount" : 0,
    "errorPct" : 0.0,
    "meanResTime" : 3975.656656656656,
    "medianResTime" : 3278.0,
    "minResTime" : 168.0,
    "maxResTime" : 11846.0,
    "pct1ResTime" : 9040.0,
    "pct2ResTime" : 9623.0,
    "pct3ResTime" : 10504.0,
    "throughput" : 42.33050847457627,
    "receivedKBytesPerSec" : 3684.723334878178,
    "sentKBytesPerSec" : 20.409328654661017
  },
  "api/applicant-info/profile" : {
    "transaction" : "api/applicant-info/profile",
    "sampleCount" : 200,
    "errorCount" : 0,
    "errorPct" : 0.0,
    "meanResTime" : 609.2050000000006,
    "medianResTime" : 603.0,
    "minResTime" : 168.0,
    "maxResTime" : 1314.0,
    "pct1ResTime" : 994.2,
    "pct2ResTime" : 1103.95,
    "pct3ResTime" : 1286.8500000000001,
    "throughput" : 12.666244458518051,
    "receivedKBytesPerSec" : 5.615698226725776,
    "sentKBytesPerSec" : 5.813608296390121
  },
  "Login" : {
    "transaction" : "Login",
    "sampleCount" : 199,
    "errorCount" : 0,
    "errorPct" : 0.0,
    "meanResTime" : 6750.321608040199,
    "medianResTime" : 6792.0,
    "minResTime" : 2876.0,
    "maxResTime" : 10504.0,
    "pct1ResTime" : 9608.0,
    "pct2ResTime" : 9973.0,
    "pct3ResTime" : 10438.0,
    "throughput" : 18.941557205406436,
    "receivedKBytesPerSec" : 15.067468886826575,
    "sentKBytesPerSec" : 9.390095540643442
  },
  "Test Fragment" : {
    "transaction" : "Test Fragment",
    "sampleCount" : 200,
    "errorCount" : 0,
    "errorPct" : 0.0,
    "meanResTime" : 19870.47,
    "medianResTime" : 20051.0,
    "minResTime" : 8501.0,
    "maxResTime" : 23581.0,
    "pct1ResTime" : 23261.7,
    "pct2ResTime" : 23422.95,
    "pct3ResTime" : 23564.66,
    "throughput" : 8.200418221329288,
    "receivedKBytesPerSec" : 3565.5526937733202,
    "sentKBytesPerSec" : 19.7693744490344
  },
  "api/job-post/employer/details -1" : {
    "transaction" : "api/job-post/employer/details -1",
    "sampleCount" : 200,
    "errorCount" : 0,
    "errorPct" : 0.0,
    "meanResTime" : 6999.374999999997,
    "medianResTime" : 7088.5,
    "minResTime" : 1545.0,
    "maxResTime" : 11846.0,
    "pct1ResTime" : 9884.2,
    "pct2ResTime" : 10476.449999999999,
    "pct3ResTime" : 11430.890000000001,
    "throughput" : 11.54201292705448,
    "receivedKBytesPerSec" : 2760.3332575888735,
    "sentKBytesPerSec" : 5.2299746075715605
  },
  "api/job-post/employer/details -2" : {
    "transaction" : "api/job-post/employer/details -2",
    "sampleCount" : 200,
    "errorCount" : 0,
    "errorPct" : 0.0,
    "meanResTime" : 1440.5849999999998,
    "medianResTime" : 1215.5,
    "minResTime" : 228.0,
    "maxResTime" : 3229.0,
    "pct1ResTime" : 2770.5,
    "pct2ResTime" : 2867.0499999999997,
    "pct3ResTime" : 3068.3000000000006,
    "throughput" : 11.755716217010521,
    "receivedKBytesPerSec" : 2.537122347616528,
    "sentKBytesPerSec" : 5.946739258214306
  },
  "api/job-post/list/talentViewwithOrgId" : {
    "transaction" : "api/job-post/list/talentViewwithOrgId",
    "sampleCount" : 200,
    "errorCount" : 0,
    "errorPct" : 0.0,
    "meanResTime" : 4092.6699999999996,
    "medianResTime" : 3561.5,
    "minResTime" : 1180.0,
    "maxResTime" : 9268.0,
    "pct1ResTime" : 7238.100000000001,
    "pct2ResTime" : 7790.15,
    "pct3ResTime" : 8616.960000000003,
    "throughput" : 11.717834544176236,
    "receivedKBytesPerSec" : 2275.502768338411,
    "sentKBytesPerSec" : 5.824587678696976
  }
}