{
  "Total" : {
    "transaction" : "Total",
    "sampleCount" : 700,
    "errorCount" : 1,
    "errorPct" : 0.14285715,
    "meanResTime" : 24513.938571428556,
    "medianResTime" : 24544.5,
    "minResTime" : 1211.0,
    "maxResTime" : 26177.0,
    "pct1ResTime" : 24781.7,
    "pct2ResTime" : 25246.55,
    "pct3ResTime" : 26024.69,
    "throughput" : 25.900025900025902,
    "receivedKBytesPerSec" : 20.617764758389757,
    "sentKBytesPerSec" : 12.838506979131978
  },
  "Login" : {
    "transaction" : "Login",
    "sampleCount" : 700,
    "errorCount" : 1,
    "errorPct" : 0.14285715,
    "meanResTime" : 24513.938571428556,
    "medianResTime" : 24544.5,
    "minResTime" : 1211.0,
    "maxResTime" : 26177.0,
    "pct1ResTime" : 24781.7,
    "pct2ResTime" : 25246.55,
    "pct3ResTime" : 26024.69,
    "throughput" : 25.900025900025902,
    "receivedKBytesPerSec" : 20.617764758389757,
    "sentKBytesPerSec" : 12.838506979131978
  },
  "Test Fragment" : {
    "transaction" : "Test Fragment",
    "sampleCount" : 700,
    "errorCount" : 1,
    "errorPct" : 0.14285715,
    "meanResTime" : 24513.938571428556,
    "medianResTime" : 24544.5,
    "minResTime" : 1211.0,
    "maxResTime" : 26177.0,
    "pct1ResTime" : 24781.7,
    "pct2ResTime" : 25246.55,
    "pct3ResTime" : 26024.69,
    "throughput" : 26.061057334326136,
    "receivedKBytesPerSec" : 20.745954137192854,
    "sentKBytesPerSec" : 12.918329416418466
  }
}