{
  "Total" : {
    "transaction" : "Total",
    "sampleCount" : 800,
    "errorCount" : 234,
    "errorPct" : 29.25,
    "meanResTime" : 22900.772499999992,
    "medianResTime" : 30840.5,
    "minResTime" : 2533.0,
    "maxResTime" : 34259.0,
    "pct1ResTime" : 31217.7,
    "pct2ResTime" : 32726.1,
    "pct3ResTime" : 33982.590000000004,
    "throughput" : 23.34335152169473,
    "receivedKBytesPerSec" : 29.951697043418633,
    "sentKBytesPerSec" : 9.328564055615535
  },
  "Login" : {
    "transaction" : "Login",
    "sampleCount" : 800,
    "errorCount" : 234,
    "errorPct" : 29.25,
    "meanResTime" : 22900.772499999992,
    "medianResTime" : 30840.5,
    "minResTime" : 2533.0,
    "maxResTime" : 34259.0,
    "pct1ResTime" : 31217.7,
    "pct2ResTime" : 32726.1,
    "pct3ResTime" : 33982.590000000004,
    "throughput" : 23.34335152169473,
    "receivedKBytesPerSec" : 29.951697043418633,
    "sentKBytesPerSec" : 9.328564055615535
  },
  "Test Fragment" : {
    "transaction" : "Test Fragment",
    "sampleCount" : 800,
    "errorCount" : 234,
    "errorPct" : 29.25,
    "meanResTime" : 22900.77249999998,
    "medianResTime" : 30840.5,
    "minResTime" : 2533.0,
    "maxResTime" : 34259.0,
    "pct1ResTime" : 31217.7,
    "pct2ResTime" : 32726.1,
    "pct3ResTime" : 33982.590000000004,
    "throughput" : 22.906883518497306,
    "receivedKBytesPerSec" : 29.39166788956019,
    "sentKBytesPerSec" : 9.15414095607605
  }
}