{
  "Total" : {
    "transaction" : "Total",
    "sampleCount" : 2501,
    "errorCount" : 334,
    "errorPct" : 13.354658,
    "meanResTime" : 9301.65613754501,
    "medianResTime" : 6579.0,
    "minResTime" : 0.0,
    "maxResTime" : 37117.0,
    "pct1ResTime" : 20515.40000000001,
    "pct2ResTime" : 24450.3,
    "pct3ResTime" : 29547.180000000004,
    "throughput" : 1.5007906004062515,
    "receivedKBytesPerSec" : 117.77179725262609,
    "sentKBytesPerSec" : 0.6819526236081983
  },
  "api/applicant-info/profile" : {
    "transaction" : "api/applicant-info/profile",
    "sampleCount" : 500,
    "errorCount" : 9,
    "errorPct" : 1.8,
    "meanResTime" : 2080.6979999999994,
    "medianResTime" : 2067.5,
    "minResTime" : 206.0,
    "maxResTime" : 12115.0,
    "pct1ResTime" : 2243.9,
    "pct2ResTime" : 4765.849999999999,
    "pct3ResTime" : 6294.380000000001,
    "throughput" : 9.72686950431873,
    "receivedKBytesPerSec" : 4.616501451735274,
    "sentKBytesPerSec" : 4.3841204599836585
  },
  "Login" : {
    "transaction" : "Login",
    "sampleCount" : 501,
    "errorCount" : 2,
    "errorPct" : 0.3992016,
    "meanResTime" : 15704.145708582824,
    "medianResTime" : 15611.0,
    "minResTime" : 2150.0,
    "maxResTime" : 18793.0,
    "pct1ResTime" : 17095.8,
    "pct2ResTime" : 18354.4,
    "pct3ResTime" : 18679.0,
    "throughput" : 0.3006381810489932,
    "receivedKBytesPerSec" : 0.23972224159968317,
    "sentKBytesPerSec" : 0.14902517619737707
  },
  "Test Fragment" : {
    "transaction" : "Test Fragment",
    "sampleCount" : 500,
    "errorCount" : 233,
    "errorPct" : 46.6,
    "meanResTime" : 46521.525999999954,
    "medianResTime" : 48218.5,
    "minResTime" : 8090.0,
    "maxResTime" : 59308.0,
    "pct1ResTime" : 53927.3,
    "pct2ResTime" : 54765.95,
    "pct3ResTime" : 55743.86,
    "throughput" : 8.33694600993764,
    "receivedKBytesPerSec" : 3272.419936660053,
    "sentKBytesPerSec" : 18.940580631815454
  },
  "api/job-post/employer/details -1" : {
    "transaction" : "api/job-post/employer/details -1",
    "sampleCount" : 500,
    "errorCount" : 180,
    "errorPct" : 36.0,
    "meanResTime" : 10303.655999999999,
    "medianResTime" : 7654.0,
    "minResTime" : 21.0,
    "maxResTime" : 34941.0,
    "pct1ResTime" : 22895.300000000007,
    "pct2ResTime" : 26059.549999999992,
    "pct3ResTime" : 30377.67000000001,
    "throughput" : 9.947279419078882,
    "receivedKBytesPerSec" : 1524.8089228650651,
    "sentKBytesPerSec" : 4.318051825325774
  },
  "api/job-post/employer/details -2" : {
    "transaction" : "api/job-post/employer/details -2",
    "sampleCount" : 500,
    "errorCount" : 120,
    "errorPct" : 24.0,
    "meanResTime" : 7090.907999999996,
    "medianResTime" : 2331.0,
    "minResTime" : 0.0,
    "maxResTime" : 37117.0,
    "pct1ResTime" : 24450.3,
    "pct2ResTime" : 26744.0,
    "pct3ResTime" : 33814.05,
    "throughput" : 9.684667234833812,
    "receivedKBytesPerSec" : 509.4690320659332,
    "sentKBytesPerSec" : 4.030599614066011
  },
  "api/job-post/list/talentViewwithOrgId" : {
    "transaction" : "api/job-post/list/talentViewwithOrgId",
    "sampleCount" : 500,
    "errorCount" : 23,
    "errorPct" : 4.6,
    "meanResTime" : 11316.067999999996,
    "medianResTime" : 8738.5,
    "minResTime" : 172.0,
    "maxResTime" : 34445.0,
    "pct1ResTime" : 22287.2,
    "pct2ResTime" : 25886.699999999997,
    "pct3ResTime" : 28835.680000000004,
    "throughput" : 9.652695997992238,
    "receivedKBytesPerSec" : 1789.1700559192745,
    "sentKBytesPerSec" : 4.586953597077164
  }
}